"id","shape_leng","shape_area","adm3_es","adm3_pcode","adm2_es","adm2_pcode","adm1_es","adm1_pcode","point_x","point_y"
1,"1.70881789963","0.00525923168365","Bastimentos","PA010101","Bocas del Toro","PA0101","Bocas del Toro","PA01","-82.1156959535","9.30222249025"
2,"0.728316058729","0.00514672800557","Bocas del Toro","PA010102","Bocas del Toro","PA0101","Bocas del Toro","PA01","-82.277550522","9.39718359974"
3,"0.865287328066","0.0128628956358","Cauchero","PA010103","Bocas del Toro","PA0101","Bocas del Toro","PA01","-82.3375930785","9.14073116058"
4,"1.51191822811","0.00627434550653","Punta Laurel","PA010104","Bocas del Toro","PA0101","Bocas del Toro","PA01","-82.1240774775","9.18192918665"
5,"2.16783427257","0.00721730618554","Tierra Oscura","PA010105","Bocas del Toro","PA0101","Bocas del Toro","PA01","-82.2015953065","9.18249966645"
6,"1.19400175492","0.0118632264222","Almirante","PA010201","Changuinola","PA0102","Bocas del Toro","PA01","-82.4235782625","9.30016853872"
7,"1.54631264568","0.044687743559","Changuinola","PA010202","Changuinola","PA0102","Bocas del Toro","PA01","-82.4874420165","9.39156475319"
8,"2.13603481297","0.0650089885415","Guabito","PA010203","Changuinola","PA0102","Bocas del Toro","PA01","-82.7881349166","9.44702345394"
9,"1.57435644614","0.0705518590399","Teribe","PA010204","Changuinola","PA0102","Bocas del Toro","PA01","-82.7500054687","9.2800080695"
10,"2.12593127844","0.135557185477","Valle del Risco","PA010205","Changuinola","PA0102","Bocas del Toro","PA01","-82.5757119856","9.05288830729"
11,"0.631569958095","0.00663097913347","Chiriquí Grande","PA010301","Chiriquí Grande","PA0103","Bocas del Toro","PA01","-82.1332959312","8.93487538738"
12,"0.329054405834","0.00271381873457","Miramar","PA010302","Chiriquí Grande","PA0103","Bocas del Toro","PA01","-82.2222708749","8.98085684852"
13,"0.253520726024","0.00190577118343","Punta Peña","PA010303","Chiriquí Grande","PA0103","Bocas del Toro","PA01","-82.1729536348","8.88915986968"
14,"0.684810630077","0.00616494426403","Punta Robalo","PA010304","Chiriquí Grande","PA0103","Bocas del Toro","PA01","-82.2867240905","9.03228524423"
15,"0.423427059474","0.00281003991821","Rambala","PA010305","Chiriquí Grande","PA0103","Bocas del Toro","PA01","-82.1802116709","8.94801022938"
16,"0.513160402814","0.00470047421128","Alanje","PA020101","Alanje","PA0201","Chiriquí","PA02","-82.596847534","8.41172021459"
17,"0.572113405235","0.0111040683494","Divalá","PA020102","Alanje","PA0201","Chiriquí","PA02","-82.7097822893","8.40140195607"
18,"0.255327676802","0.00309726687002","El Tejar","PA020103","Alanje","PA0201","Chiriquí","PA02","-82.5709365586","8.43225050242"
19,"0.675823062128","0.0063260813748","Guarumal","PA020104","Alanje","PA0201","Chiriquí","PA02","-82.558824539","8.33894039394"
20,"0.241916750988","0.00278721910868","Palo Grande","PA020105","Alanje","PA0201","Chiriquí","PA02","-82.6047005197","8.34668630541"
21,"0.347943910071","0.00293693182064","Querévalo","PA020106","Alanje","PA0201","Chiriquí","PA02","-82.507014151","8.34449937406"
22,"0.336795783518","0.00328008126978","Santo Tomás","PA020107","Alanje","PA0201","Chiriquí","PA02","-82.6401042935","8.38162104461"
23,"0.40732649271","0.00573156660085","Baco","PA020201","Barú","PA0202","Chiriquí","PA02","-82.77520864","8.36308162857"
24,"0.488563850737","0.0046282597442","Limones","PA020202","Barú","PA0202","Chiriquí","PA02","-82.8801231385","8.11105122974"
25,"0.516847271109","0.00406602750244","Progreso","PA020203","Barú","PA0202","Chiriquí","PA02","-82.8411712645","8.43427543352"
26,"0.799542455219","0.0170202023857","Puerto Armuelles","PA020204","Barú","PA0202","Chiriquí","PA02","-82.9174666548","8.29027128809"
27,"0.783979922977","0.014920050755","Rodolfo Aguilar Delgado","PA020205","Barú","PA0202","Chiriquí","PA02","-82.9095993045","8.39525023894"
28,"0.303284921355","0.00357269855282","Bágala","PA020301","Boquerón","PA0203","Chiriquí","PA02","-82.5460862943","8.51269362376"
29,"0.364295970894","0.00329500245441","Boquerón","PA020302","Boquerón","PA0203","Chiriquí","PA02","-82.5842295086","8.54216640429"
30,"0.410211807187","0.00388869709672","Cordillera","PA020303","Boquerón","PA0203","Chiriquí","PA02","-82.6129875182","8.72880966864"
31,"0.296178563833","0.00255662431527","Guabal","PA020304","Boquerón","PA0203","Chiriquí","PA02","-82.5542808276","8.60967074288"
32,"0.387734430003","0.00451117572862","Guayabal","PA020305","Boquerón","PA0203","Chiriquí","PA02","-82.5774967561","8.65777544577"
33,"0.339915019392","0.00286130263783","Paraíso","PA020306","Boquerón","PA0203","Chiriquí","PA02","-82.5874557495","8.7367821423"
34,"0.236993497945","0.00154989274913","Pedregal","PA020307","Boquerón","PA0203","Chiriquí","PA02","-82.5977252089","8.48893088857"
35,"0.18022458463","0.0015464355016","Tijeras","PA020308","Boquerón","PA0203","Chiriquí","PA02","-82.5678381716","8.46673888508"
36,"0.411603184426","0.0076085565273","Alto Boquete","PA020401","Boquete","PA0204","Chiriquí","PA02","-82.4181168602","8.68211953315"
37,"0.238579887081","0.00179307068691","Bajo Boquete","PA020402","Boquete","PA0204","Chiriquí","PA02","-82.4532397428","8.78040191814"
38,"0.703065834665","0.0163865510559","Caldera","PA020403","Boquete","PA0204","Chiriquí","PA02","-82.3202242359","8.71132195322"
39,"0.398769496786","0.0070869809659","Jaramillo","PA020404","Boquete","PA0204","Chiriquí","PA02","-82.3690380071","8.77755139139"
40,"0.507413842885","0.011204478191","Los Naranjos","PA020405","Boquete","PA0204","Chiriquí","PA02","-82.4709029577","8.83207560068"
41,"0.414021095563","0.00530996221529","Palmira","PA020406","Boquete","PA0204","Chiriquí","PA02","-82.471868515","8.75326871604"
42,"0.397338722755","0.00784396958754","Aserrío de Gariché","PA020501","Bugaba","PA0205","Chiriquí","PA02","-82.7952084424","8.49580089907"
43,"0.174255035469","0.00109748174061","Bugaba","PA020502","Bugaba","PA0205","Chiriquí","PA02","-82.6216372842","8.48677977706"
44,"0.419021745471","0.0100189497245","Cerro Punta","PA020503","Bugaba","PA0205","Chiriquí","PA02","-82.5991386414","8.85236273279"
45,"0.289516063382","0.00313139117063","El Bongo","PA020504","Bugaba","PA0205","Chiriquí","PA02","-82.6183209526","8.60732520038"
46,"0.283304635702","0.0034056420082","Gómez","PA020505","Bugaba","PA0205","Chiriquí","PA02","-82.7519951942","8.5577117789"
47,"0.574694116012","0.00502914165277","La Concepción","PA020506","Bugaba","PA0205","Chiriquí","PA02","-82.633590698","8.52011066649"
48,"0.320271447471","0.00400855014399","La Estrella","PA020507","Bugaba","PA0205","Chiriquí","PA02","-82.6671269886","8.49584665617"
49,"0.358809535435","0.00491977440086","San Andrés","PA020508","Bugaba","PA0205","Chiriquí","PA02","-82.7148116125","8.6344262855"
50,"0.344802922245","0.00298897770851","Santa Marta","PA020509","Bugaba","PA0205","Chiriquí","PA02","-82.6994923804","8.49765329154"
51,"0.312789197389","0.00365177682733","Santa Rosa","PA020510","Bugaba","PA0205","Chiriquí","PA02","-82.681247711","8.60359575809"
52,"0.310125364245","0.00514872077199","Santo Domingo","PA020511","Bugaba","PA0205","Chiriquí","PA02","-82.7395826786","8.47528218022"
53,"0.269674497429","0.00249677947912","Sortová","PA020512","Bugaba","PA0205","Chiriquí","PA02","-82.6534976509","8.58216447293"
54,"0.915721155042","0.0172847971616","Volcán","PA020513","Bugaba","PA0205","Chiriquí","PA02","-82.6739015748","8.78985563157"
55,"0.439416396491","0.00667458109489","Bijagual","PA020601","David","PA0206","Chiriquí","PA02","-82.3224176344","8.49838378717"
56,"1.0580512577","0.0159397628433","Chiriquí","PA020602","David","PA0206","Chiriquí","PA02","-82.2942556058","8.36575123022"
57,"0.602602377079","0.00624468334494","Cochea","PA020603","David","PA0206","Chiriquí","PA02","-82.3871765137","8.5927588348"
58,"0.496731430667","0.00537473186131","David","PA020604","David","PA0206","Chiriquí","PA02","-82.4447345737","8.39989533862"
59,"0.661008054341","0.00592679271324","Guacá","PA020605","David","PA0206","Chiriquí","PA02","-82.4713230132","8.5225398873"
60,"0.416943004601","0.00580804548036","Las Lomas","PA020606","David","PA0206","Chiriquí","PA02","-82.3724590264","8.43263797538"
61,"2.3757315951","0.0111971237437","Pedregal","PA020607","David","PA0206","Chiriquí","PA02","-82.4064928927","8.32370231647"
62,"0.550990267783","0.00458633683445","San Carlos","PA020608","David","PA0206","Chiriquí","PA02","-82.5162277225","8.53999983522"
63,"0.538384580662","0.00577173590619","San Pablo Nuevo","PA020609","David","PA0206","Chiriquí","PA02","-82.4901308073","8.38443946247"
64,"0.330422363134","0.00525101229685","San Pablo Viejo","PA020610","David","PA0206","Chiriquí","PA02","-82.4855873582","8.459201837"
65,"0.605021288209","0.00561832146678","Dolega","PA020701","Dolega","PA0207","Chiriquí","PA02","-82.455057144","8.58092996482"
66,"0.298203418604","0.00194732380315","Dos Ríos","PA020702","Dolega","PA0207","Chiriquí","PA02","-82.372476578","8.51064971071"
67,"0.181155430126","0.00128336781967","Los Anastacios","PA020703","Dolega","PA0207","Chiriquí","PA02","-82.4116270758","8.52733123162"
68,"0.282275061773","0.00315249342877","Potrerillos Abajo","PA020704","Dolega","PA0207","Chiriquí","PA02","-82.4671931774","8.63810577693"
69,"0.329289034542","0.00470647442577","Potrerillos","PA020705","Dolega","PA0207","Chiriquí","PA02","-82.4942510207","8.71159969959"
70,"0.460365088142","0.00404839228201","Rovira","PA020706","Dolega","PA0207","Chiriquí","PA02","-82.5215070274","8.68007363478"
71,"0.303928783008","0.00272271902753","Tinajas","PA020707","Dolega","PA0207","Chiriquí","PA02","-82.4725391908","8.56600313715"
72,"0.700958381514","0.0180413913427","Gualaca","PA020801","Gualaca","PA0208","Chiriquí","PA02","-82.2403784709","8.57457288231"
73,"0.459767926325","0.0121391022308","Hornito","PA020802","Gualaca","PA0208","Chiriquí","PA02","-82.1985104556","8.70647322319"
74,"0.402651745921","0.00638392271004","Los Angeles","PA020803","Gualaca","PA0208","Chiriquí","PA02","-82.1872894666","8.52744449572"
75,"0.376526426399","0.0055363041816","Paja de Sombrero","PA020804","Gualaca","PA0208","Chiriquí","PA02","-82.280708313","8.65399242811"
76,"0.362408530843","0.00544777312419","Rincón","PA020805","Gualaca","PA0208","Chiriquí","PA02","-82.2413749784","8.45613876908"
77,"0.236726489894","0.00205028932504","El Nancito","PA020901","Remedios","PA0209","Chiriquí","PA02","-81.7461737159","8.24252331679"
78,"0.249118406239","0.00228442186767","El Porvenir","PA020902","Remedios","PA0209","Chiriquí","PA02","-81.8265906647","8.26958513983"
79,"0.52732975108","0.00349795183966","El Puerto","PA020903","Remedios","PA0209","Chiriquí","PA02","-81.7781944275","8.15305518773"
80,"0.385984065321","0.00216533778819","Remedios","PA020904","Remedios","PA0209","Chiriquí","PA02","-81.8015079497","8.18441932032"
81,"0.246768787103","0.00185734252429","Santa Lucía","PA020905","Remedios","PA0209","Chiriquí","PA02","-81.788049222","8.24707884561"
82,"0.305482362363","0.00345979854994","Breñón","PA021001","Renacimiento","PA0210","Chiriquí","PA02","-82.8140050428","8.61177493663"
83,"0.420022939989","0.00627778130926","Cañas Gordas","PA021002","Renacimiento","PA0210","Chiriquí","PA02","-82.8650811714","8.72281616773"
84,"0.545592513824","0.0118530812061","Monte Lirio","PA021003","Renacimiento","PA0210","Chiriquí","PA02","-82.7864220358","8.83240107179"
85,"0.452153774261","0.00740095699216","Plaza Caisán","PA021004","Renacimiento","PA0210","Chiriquí","PA02","-82.7756492968","8.75497231832"
86,"0.445483965011","0.00278150553455","Río Sereno","PA021005","Renacimiento","PA0210","Chiriquí","PA02","-82.8556666887","8.80672660873"
87,"0.561475341597","0.0124173995207","Santa Cruz","PA021006","Renacimiento","PA0210","Chiriquí","PA02","-82.759310586","8.67588883462"
88,"0.292993866754","0.00303475050715","Juay","PA021101","San Félix","PA0211","Chiriquí","PA02","-81.9541032229","8.30058614962"
89,"0.314443483656","0.00488088323237","La Lajas","PA021102","San Félix","PA0211","Chiriquí","PA02","-81.8514801959","8.20107113965"
90,"0.314001792909","0.0015699312312","Lajas Adentro","PA021103","San Félix","PA0211","Chiriquí","PA02","-81.8636608127","8.26054781627"
91,"0.34351147894","0.00420317996219","San Félix","PA021104","San Félix","PA0211","Chiriquí","PA02","-81.878234863","8.30297917242"
92,"0.370417226726","0.00607714085418","Santa Cruz","PA021105","San Félix","PA0211","Chiriquí","PA02","-81.9183181206","8.23704479945"
93,"3.13214161438","0.0108599785352","Boca Chica","PA021201","San Lorenzo","PA0212","Chiriquí","PA02","-82.1718018286","8.23816516817"
94,"0.777098045986","0.0189076535164","Boca del Monte","PA021202","San Lorenzo","PA0212","Chiriquí","PA02","-82.128177093","8.39912333746"
95,"0.95672118006","0.00644122421605","Horconcitos","PA021203","San Lorenzo","PA0212","Chiriquí","PA02","-82.1613467124","8.2993797442"
96,"0.555652238303","0.00967317128368","San Juan","PA021204","San Lorenzo","PA0212","Chiriquí","PA02","-82.0009175022","8.27344366076"
97,"0.85343196645","0.0119460973275","San Lorenzo","PA021205","San Lorenzo","PA0212","Chiriquí","PA02","-82.0737724305","8.28535100576"
98,"0.265051650017","0.00337801398217","Bella Vista","PA021301","Tolé","PA0213","Chiriquí","PA02","-81.6082399864","8.20513643158"
99,"0.819194876499","0.00501283788211","Cerro Viejo","PA021302","Tolé","PA0213","Chiriquí","PA02","-81.5521144867","8.25881141633"
100,"0.318185996415","0.00236031763008","El Cristo","PA021303","Tolé","PA0213","Chiriquí","PA02","-81.5983622864","8.33697596765"
101,"0.26194928264","0.00254241244616","Justo Fidel Palacios","PA021304","Tolé","PA0213","Chiriquí","PA02","-81.5233573912","8.33934804835"
102,"0.398212385998","0.00606795278708","Lajas de Tolé","PA021305","Tolé","PA0213","Chiriquí","PA02","-81.673728943","8.17100486074"
103,"0.239821945441","0.00153122806809","Potrero de Caña","PA021306","Tolé","PA0213","Chiriquí","PA02","-81.690189362","8.27444098512"
104,"1.30175221345","0.0105395183156","Quebrada de Piedra","PA021307","Tolé","PA0213","Chiriquí","PA02","-81.6455440522","8.07157342907"
105,"0.473181069306","0.0063814958582","Tolé","PA021308","Tolé","PA0213","Chiriquí","PA02","-81.7059457542","8.21846622834"
106,"0.353289172134","0.00388047462562","Veladero","PA021309","Tolé","PA0213","Chiriquí","PA02","-81.636795044","8.2549949153"
107,"0.387114530053","0.00381010215246","Aguadulce","PA030101","Aguadulce","PA0301","Coclé","PA03","-80.5685596462","8.19911552077"
108,"0.416972839672","0.00502485517238","Barrios Unidos","PA030102","Aguadulce","PA0301","Coclé","PA03","-80.5161299605","8.20359355941"
109,"0.458743793121","0.0089237029122","El Cristo","PA030103","Aguadulce","PA0301","Coclé","PA03","-80.6260599189","8.25860860938"
110,"1.02890922744","0.0167688751575","El Roble","PA030104","Aguadulce","PA0301","Coclé","PA03","-80.651773453","8.1652235633"
111,"0.19085407686","0.0017577546229","Pocrí","PA030105","Aguadulce","PA0301","Coclé","PA03","-80.5535761261","8.2542585431"
112,"0.637112950623","0.00831018410406","Antón","PA030201","Antón","PA0302","Coclé","PA03","-80.2672269025","8.38178793317"
113,"0.337466781879","0.00307229907367","Caballero","PA030202","Antón","PA0302","Coclé","PA03","-80.2208976747","8.50007546435"
114,"0.364988037659","0.00416903161808","Cabuya","PA030203","Antón","PA0302","Coclé","PA03","-80.1363371976","8.52855610553"
115,"0.610563609357","0.00766949666877","El Chirú","PA030204","Antón","PA0302","Coclé","PA03","-80.2133331071","8.36454131367"
116,"0.498151196581","0.00504472637537","El Retiro","PA030205","Antón","PA0302","Coclé","PA03","-80.1748464318","8.44111626832"
117,"0.248165407489","0.00297113941502","El Valle","PA030206","Antón","PA0302","Coclé","PA03","-80.1288804406","8.59444549668"
118,"0.726895086226","0.00658795019532","Juan Diaz","PA030207","Antón","PA0302","Coclé","PA03","-80.2942409515","8.43157707854"
119,"0.662902965332","0.00972393887892","Río Hato","PA030208","Antón","PA0302","Coclé","PA03","-80.1138153075","8.44516561446"
120,"0.412281606643","0.00425375624591","San Juan de Dios","PA030209","Antón","PA0302","Coclé","PA03","-80.2605781557","8.51318442005"
121,"0.358186419506","0.0032496641658","Santa Rita","PA030210","Antón","PA0302","Coclé","PA03","-80.1912964289","8.48611319416"
122,"0.787775354904","0.0200871279955","El Harino","PA030301","La Pintada","PA0303","Coclé","PA03","-80.6203792986","8.70478006012"
123,"0.335559186033","0.00569560745023","El Potrero","PA030302","La Pintada","PA0303","Coclé","PA03","-80.516512466","8.55003935881"
124,"0.431343118348","0.00746817921311","La Pintada","PA030303","La Pintada","PA0303","Coclé","PA03","-80.4546259918","8.57681031319"
125,"0.425709990027","0.0071158536014","Las Lomas","PA030304","La Pintada","PA0303","Coclé","PA03","-80.6478185032","8.6263008994"
126,"0.963306694619","0.0336575843795","Llano Grande","PA030305","La Pintada","PA0303","Coclé","PA03","-80.4773847551","8.78552715164"
127,"0.611488786869","0.011293954122","Piedras Gordas","PA030306","La Pintada","PA0303","Coclé","PA03","-80.5650653837","8.7487321998"
128,"0.597378208796","0.00730307211878","Capellania","PA030401","Natá","PA0304","Coclé","PA03","-80.553798676","8.29825135319"
129,"0.381569145529","0.00641674492077","El Caño","PA030402","Natá","PA0304","Coclé","PA03","-80.5424731016","8.44735276085"
130,"0.353326691772","0.00508781499784","Guzmán","PA030403","Natá","PA0304","Coclé","PA03","-80.586603612","8.55301169056"
131,"0.58209118263","0.00876506990919","Las Huacas","PA030404","Natá","PA0304","Coclé","PA03","-80.7530326845","8.50711347242"
132,"0.802319403358","0.0127999611076","Natá","PA030405","Natá","PA0304","Coclé","PA03","-80.467803955","8.27480959949"
133,"0.546064818357","0.0070420909593","Toza","PA030406","Natá","PA0304","Coclé","PA03","-80.620552063","8.35002664479"
134,"0.344445466549","0.00649374000714","El Copé","PA030501","Olá","PA0305","Coclé","PA03","-80.6895049515","8.47414423147"
135,"0.544841484858","0.00892974197247","El Palmar","PA030502","Olá","PA0305","Coclé","PA03","-80.7021934251","8.5767752105"
136,"0.282655204515","0.00265775502711","El Picacho","PA030503","Olá","PA0305","Coclé","PA03","-80.618988357","8.3889567553"
137,"0.37055411466","0.00605560458963","La Pava","PA030504","Olá","PA0305","Coclé","PA03","-80.6006791388","8.47495795628"
138,"0.580526554703","0.00657208426537","Olá","PA030505","Olá","PA0305","Coclé","PA03","-80.6442192507","8.47139808314"
139,"0.383782670374","0.00538141496705","Cañaveral","PA030601","Penonomé","PA0306","Coclé","PA03","-80.4165726618","8.51498183925"
140,"0.608336148078","0.0171040600661","Chiguirí Arriba","PA030602","Penonomé","PA0306","Coclé","PA03","-80.1752911351","8.69637772773"
141,"0.531619741384","0.0102119459009","Coclé","PA030603","Penonomé","PA0306","Coclé","PA03","-80.4226518337","8.40444186681"
142,"0.649701176281","0.0129019691883","El Coco","PA030604","Penonomé","PA0306","Coclé","PA03","-80.3478869568","8.40476872683"
143,"0.650828299468","0.012005675285","Pajonal","PA030605","Penonomé","PA0306","Coclé","PA03","-80.2547661306","8.58206246883"
144,"0.401272953609","0.00445675908877","Penonomé","PA030606","Penonomé","PA0306","Coclé","PA03","-80.3430061337","8.5254351078"
145,"0.431177861598","0.00826715848663","Río Grande","PA030607","Penonomé","PA0306","Coclé","PA03","-80.4820176271","8.45062942154"
146,"0.951794606491","0.0260608927943","Río Indio","PA030608","Penonomé","PA0306","Coclé","PA03","-80.2287081802","8.90215763039"
147,"0.976992373795","0.034221575028","Toabré","PA030609","Penonomé","PA0306","Coclé","PA03","-80.3012317986","8.7378165651"
148,"0.963613282774","0.0177036970103","Tulu","PA030610","Penonomé","PA0306","Coclé","PA03","-80.3900096177","8.72803895007"
149,"0.394515667661","0.00474540905606","Achiote","PA040101","Chagres","PA0401","Colón","PA04","-80.057804108","9.19120184696"
150,"0.359469305454","0.0041745158562","El Guabo","PA040102","Chagres","PA0401","Colón","PA04","-80.0857391355","9.09902876779"
151,"0.653404792412","0.0111237686114","La Encantada","PA040103","Chagres","PA0401","Colón","PA04","-80.1603417776","9.04707010984"
152,"0.0930780338161","0.000316148011151","Nuevo Chagres","PA040104","Chagres","PA0401","Colón","PA04","-80.0812523796","9.23403399883"
153,"0.416335710761","0.00424196075525","Palmas Bellas","PA040105","Chagres","PA0401","Colón","PA04","-80.09238669","9.17609809971"
154,"0.232222532113","0.00215756481435","Piña","PA040106","Chagres","PA0401","Colón","PA04","-80.043888092","9.2600257692"
155,"0.488261176113","0.00907585167421","Salud","PA040107","Chagres","PA0401","Colón","PA04","-80.1487843776","9.14215162618"
156,"0.0733823247503","0.000188695952225","Barrio Norte","PA040201","Colón","PA0402","Colón","PA04","-79.8996447555","9.35939033088"
157,"0.105234087247","0.000228806178822","Barrio Sur","PA040202","Colón","PA0402","Colón","PA04","-79.897466034","9.34581743652"
158,"0.516377660155","0.0098171463188","Buena Vista","PA040203","Colón","PA0402","Colón","PA04","-79.6886425221","9.28343009597"
159,"0.512745361771","0.00227007039531","Cativá","PA040204","Colón","PA0402","Colón","PA04","-79.8403254151","9.35810525233"
160,"1.06710443377","0.00646889259608","Ciricito","PA040205","Colón","PA0402","Colón","PA04","-80.0504455565","9.00324083716"
161,"4.47972302106","0.0329464103041","Cristóbal","PA040206","Colón","PA0402","Colón","PA04","-79.9510894022","9.27991586793"
162,"2.5494277733","0.00881482551926","Escobal","PA040207","Colón","PA0402","Colón","PA04","-79.99861145","9.01292811827"
163,"0.596759476433","0.0071878558707","Limón","PA040208","Colón","PA0402","Colón","PA04","-79.7600740959","9.26039429534"
164,"0.33449362551","0.00136148408278","Nueva Providencia","PA040209","Colón","PA0402","Colón","PA04","-79.8083604424","9.29361177576"
165,"0.665587657911","0.00851244905687","Puerto Pilón","PA040210","Colón","PA0402","Colón","PA04","-79.7566835632","9.35478825797"
166,"0.501667459302","0.00128983694932","Sabanitas","PA040211","Colón","PA0402","Colón","PA04","-79.7996711735","9.33086859495"
167,"0.926949903821","0.0176129502765","Salamanca","PA040212","Colón","PA0402","Colón","PA04","-79.6023144151","9.38042480783"
168,"0.386441972993","0.00371347283818","San Juan","PA040213","Colón","PA0402","Colón","PA04","-79.635264386","9.23893395465"
169,"0.20770483337","0.00245766819478","Santa Rosa","PA040214","Colón","PA0402","Colón","PA04","-79.681223462","9.20451123619"
170,"2.34081869304","0.0693619743658","Coclé del Norte","PA040301","Donoso","PA0403","Colón","PA04","-80.616630554","9.01293163307"
171,"0.701272014933","0.0231653076896","El Guásimo","PA040302","Donoso","PA0403","Colón","PA04","-80.3366720443","8.99936230679"
172,"0.360582506376","0.00395230827504","Gobea","PA040303","Donoso","PA0403","Colón","PA04","-80.2414016725","9.1448099331"
173,"1.03046854282","0.0257765787096","Miguel de la Borda","PA040304","Donoso","PA0403","Colón","PA04","-80.2998733517","9.10772519224"
174,"0.52494769808","0.00278249503476","Río Indio","PA040305","Donoso","PA0403","Colón","PA04","-80.2072048185","9.07849378862"
175,"0.638737442095","0.015443760191","San José del General","PA040306","Donoso","PA0403","Colón","PA04","-80.6039926471","8.87477082313"
176,"0.154952753667","0.000528496356843","Cacique","PA040401","Portobelo","PA0404","Colón","PA04","-79.6251583102","9.602789093"
177,"0.327809156875","0.0020244817985","Garrote","PA040402","Portobelo","PA0404","Colón","PA04","-79.574966431","9.59194463815"
178,"0.404934726991","0.00189329504029","Isla Grande","PA040403","Portobelo","PA0404","Colón","PA04","-79.5483169894","9.60001161305"
179,"0.534485427784","0.00752178362245","María Chiquita","PA040404","Portobelo","PA0404","Colón","PA04","-79.6947574612","9.3978745609"
180,"1.03295136487","0.0206228381459","Portobelo","PA040405","Portobelo","PA0404","Colón","PA04","-79.6301378081","9.50525739955"
181,"0.293093582672","0.00320257959252","Cuango","PA040501","Santa Isabel","PA0405","Colón","PA04","-79.3102537859","9.52766607147"
182,"0.162834200417","0.000809872133651","Miramar","PA040502","Santa Isabel","PA0405","Colón","PA04","-79.3342835609","9.56258127836"
183,"0.682119812465","0.0118295160745","Nombre de Dios","PA040503","Santa Isabel","PA0405","Colón","PA04","-79.4758036287","9.54807142745"
184,"0.390566210182","0.00461063273084","Palenque","PA040504","Santa Isabel","PA0405","Colón","PA04","-79.3591226052","9.50704838416"
185,"0.714654164114","0.0143621670288","Palmira","PA040505","Santa Isabel","PA0405","Colón","PA04","-79.2203618228","9.45214640364"
186,"0.676526575756","0.00751823913382","Playa Chiquita","PA040506","Santa Isabel","PA0405","Colón","PA04","-79.2758617405","9.48230711306"
187,"0.536246990681","0.00937806633939","Santa Isabel","PA040507","Santa Isabel","PA0405","Colón","PA04","-79.1390229306","9.50740580828"
188,"0.247670087185","0.00225505008726","Viento Frío","PA040508","Santa Isabel","PA0405","Colón","PA04","-79.3876616687","9.55044703777"
189,"0.855285075","0.0211428100237","Agua Fría","PA050101","Chepigana","PA0501","Darién","PA05","-78.1855209036","8.83099365253"
190,"1.22897046737","0.0415457296521","Camogantí","PA050102","Chepigana","PA0501","Darién","PA05","-77.8389244631","8.07072429935"
191,"0.988192253083","0.0299540832366","Chepigana","PA050103","Chepigana","PA0501","Darién","PA05","-78.0169627674","8.10686521937"
192,"0.90162394694","0.0176989120439","Cucunatí","PA050104","Chepigana","PA0501","Darién","PA05","-78.2803211215","8.58767578917"
193,"0.737089157225","0.0178406761279","Garachiné","PA050105","Chepigana","PA0501","Darién","PA05","-78.3374424309","8.02405766778"
194,"1.94885756353","0.0827687776224","Jaqué","PA050106","Chepigana","PA0501","Darién","PA05","-77.9843971458","7.4660183753"
195,"3.10011420597","0.0432309309101","La Palma","PA050107","Chepigana","PA0501","Darién","PA05","-78.1557604432","8.208522798"
196,"2.20023112267","0.0226140877035","Puerto Piña","PA050108","Chepigana","PA0501","Darién","PA05","-78.2201385502","7.66461125538"
197,"0.730343350476","0.0259892406694","Río Congo Arriba","PA050109","Chepigana","PA0501","Darién","PA05","-78.394343005","8.7481800524"
198,"2.02142305095","0.044739139552","Río Congo","PA050110","Chepigana","PA0501","Darién","PA05","-78.4489593505","8.58799241888"
199,"1.62686444585","0.0410854786374","Río Iglesias","PA050111","Chepigana","PA0501","Darién","PA05","-77.972248077","8.34714131165"
200,"0.240333787513","0.00267551376862","Sambú","PA050112","Chepigana","PA0501","Darién","PA05","-78.2287367699","8.01838442072"
201,"1.64778945861","0.0515005540952","Santa Fé","PA050113","Chepigana","PA0501","Darién","PA05","-78.1455043466","8.68701416387"
202,"0.583937645233","0.0102545376015","Setegantí","PA050114","Chepigana","PA0501","Darién","PA05","-78.0885481655","8.26273295598"
203,"0.887782100581","0.0146611236028","Taimatí","PA050115","Chepigana","PA0501","Darién","PA05","-78.215521905","8.14061731051"
204,"1.97923095421","0.120815382395","Tucutí","PA050116","Chepigana","PA0501","Darién","PA05","-77.8571159026","7.77925426236"
205,"1.74055684324","0.0548785722252","Boca de Cupé","PA050201","Pinogana","PA0502","Darién","PA05","-77.6722145082","7.7943123028"
206,"0.713027887964","0.0112473008764","El Real de Santa María","PA050202","Pinogana","PA0502","Darién","PA05","-77.723474689","8.07631456041"
207,"1.29042611235","0.0747955468894","Kuna de Wargandí","PA050203","Pinogana","PA0502","Darién","PA05","-77.9624810952","8.9000341375"
208,"2.18755819761","0.0762504454654","Metetí","PA050204","Pinogana","PA0502","Darién","PA05","-77.9778938295","8.56846458"
209,"0.408706442865","0.0083332522111","Púcuro","PA050205","Pinogana","PA0502","Darién","PA05","-77.5075524588","8.01102823441"
210,"1.80327969374","0.0945756326662","Paya","PA050206","Pinogana","PA0502","Darién","PA05","-77.4358331941","7.82833448407"
211,"0.305040504578","0.0036060215475","Pinogana","PA050207","Pinogana","PA0502","Darién","PA05","-77.6558696326","8.1163931266"
212,"1.40989954125","0.0421780656019","Yape","PA050208","Pinogana","PA0502","Darién","PA05","-77.322128296","8.09766112123"
213,"0.948115990291","0.032699765474","Yaviza","PA050209","Pinogana","PA0502","Darién","PA05","-77.7554644359","8.21734822097"
214,"1.01414245043","0.0327132972449","Cirilo Guainora","PA060101","Cémaco","PA0601","Emberá","PA06","-77.519771576","8.16346214368"
215,"1.75252185672","0.123847060212","Lajas Blancas","PA060102","Cémaco","PA0601","Emberá","PA06","-77.7045398618","8.54294450364"
216,"1.29773263185","0.0804318399301","Manuel Ortega","PA060103","Cémaco","PA0601","Emberá","PA06","-77.4940260675","8.33258233041"
217,"1.26968949533","0.0632915071505","Jingurudó","PA060201","Sambú","PA0602","Emberá","PA06","-78.0670409526","7.76570370511"
218,"1.21799794101","0.0453259260997","Río Sábalo","PA060202","Sambú","PA0602","Emberá","PA06","-78.2169822282","7.90719521361"
219,"0.143811632206","0.00117631639048","Chitré","PA070101","Chitré","PA0701","Herrera","PA07","-80.4323624686","7.94879294296"
220,"0.247336499374","0.00262884550443","La Arena","PA070102","Chitré","PA0701","Herrera","PA07","-80.4767589032","7.95490084469"
221,"0.203991079305","0.000892883707789","Llano Bonito","PA070103","Chitré","PA0701","Herrera","PA07","-80.4041730363","7.98855614293"
222,"0.270289284676","0.00243724170183","Monagrillo","PA070104","Chitré","PA0701","Herrera","PA07","-80.4427461786","7.99594642949"
223,"0.152327688984","0.000647833847722","San Juan Bautista","PA070105","Chitré","PA0701","Herrera","PA07","-80.4065047374","7.96656887094"
224,"0.544964015197","0.0117822321344","Chepo","PA070201","Las Minas","PA0702","Herrera","PA07","-80.8293495361","7.64670040264"
225,"0.195225747804","0.00224055579186","Chumical","PA070202","Las Minas","PA0702","Herrera","PA07","-80.7483547632","7.81904676118"
226,"0.40114962044","0.00470616949093","El Toro","PA070203","Las Minas","PA0702","Herrera","PA07","-80.8837554945","7.73817428427"
227,"0.409717066207","0.00497024897444","Las Minas","PA070204","Las Minas","PA0702","Herrera","PA07","-80.745651245","7.76665026941"
228,"0.394854592709","0.00595178998479","Leones","PA070205","Las Minas","PA0702","Herrera","PA07","-80.8145241051","7.76045457161"
229,"0.412088379341","0.00750170540757","Quebrada del Rosario","PA070206","Las Minas","PA0702","Herrera","PA07","-80.7537848767","7.6880446662"
230,"0.184853740485","0.00158786488714","Capurí","PA070301","Los Pozos","PA0703","Herrera","PA07","-80.6580872199","7.70676493652"
231,"0.263363506625","0.00296186264746","El Calabacito","PA070302","Los Pozos","PA0703","Herrera","PA07","-80.6021553547","7.69032909632"
232,"0.268058280216","0.00300305558893","El Cedro","PA070303","Los Pozos","PA0703","Herrera","PA07","-80.6573162578","7.66318917221"
233,"0.257783221589","0.00201967868766","La Arena","PA070304","Los Pozos","PA0703","Herrera","PA07","-80.5994416702","7.72798905189"
234,"0.506622011229","0.0128728205829","La Pitalosa","PA070305","Los Pozos","PA0703","Herrera","PA07","-80.725690454","7.58956209777"
235,"0.31315600149","0.0027583453047","Los Cerritos","PA070306","Los Pozos","PA0703","Herrera","PA07","-80.6202645952","7.77395558678"
236,"0.299417853108","0.00322453682568","Los Cerros de Paja","PA070307","Los Pozos","PA0703","Herrera","PA07","-80.7008574219","7.68817868635"
237,"0.348776823934","0.00515943107143","Los Pozos","PA070308","Los Pozos","PA0703","Herrera","PA07","-80.6666665418","7.76696258458"
238,"0.545981518189","0.00819453067872","Cerro Largo","PA070401","Ocú","PA0704","Herrera","PA07","-80.8457821199","7.82483823919"
239,"0.368184243158","0.00553834020135","El Tijera","PA070402","Ocú","PA0704","Herrera","PA07","-80.9164528582","7.83201932256"
240,"0.335307658648","0.00495244555686","Llano Grande","PA070403","Ocú","PA0704","Herrera","PA07","-80.6956451672","7.95843113047"
241,"0.52672856599","0.00741773019691","Los Llanos","PA070404","Ocú","PA0704","Herrera","PA07","-80.8539711531","7.92184340591"
242,"0.699260574215","0.0136632654764","Ocú","PA070405","Ocú","PA0704","Herrera","PA07","-80.7715575597","7.91623287858"
243,"0.480567695188","0.00708282157703","Peñas Chatas","PA070406","Ocú","PA0704","Herrera","PA07","-80.771143855","8.02365307382"
244,"0.332332524487","0.00428609090563","Cabuya","PA070501","Parita","PA0705","Herrera","PA07","-80.647360624","8.00627237989"
245,"0.180676475573","0.000927536643295","Llano de la Cruz","PA070502","Parita","PA0705","Herrera","PA07","-80.6308517455","7.94443784862"
246,"0.239997876464","0.00207162014212","Los Castillos","PA070503","Parita","PA0705","Herrera","PA07","-80.6173286435","7.97170968392"
247,"0.478504605869","0.00590575770649","París","PA070504","Parita","PA0705","Herrera","PA07","-80.5530662535","8.05608220862"
248,"0.559010099198","0.00980157850574","Parita","PA070505","Parita","PA0705","Herrera","PA07","-80.5102231142","8.01077185825"
249,"0.220255105804","0.00235949567325","Portobelillo","PA070506","Parita","PA0705","Herrera","PA07","-80.5846633433","7.99562474208"
250,"0.35262207215","0.00313210377958","Potuga","PA070507","Parita","PA0705","Herrera","PA07","-80.6672000885","8.04979355587"
251,"0.33075451131","0.00323633563082","El Barrero","PA070601","Pesé","PA0706","Herrera","PA07","-80.5265522002","7.92019118884"
252,"0.304808787048","0.00378419184839","El Ciruelo","PA070602","Pesé","PA0706","Herrera","PA07","-80.7016469655","7.87685302217"
253,"0.22052234597","0.00213151589625","El Pájaro","PA070603","Pesé","PA0706","Herrera","PA07","-80.5828257409","7.93547216144"
254,"0.251299751969","0.00257428858578","El Pedregoso","PA070604","Pesé","PA0706","Herrera","PA07","-80.6434432269","7.91101843356"
255,"0.374945273702","0.00510264717907","Las Cabras","PA070605","Pesé","PA0706","Herrera","PA07","-80.5683126016","7.86375182005"
256,"0.104467878043","0.000500172266776","Pesé","PA070606","Pesé","PA0706","Herrera","PA07","-80.6161487778","7.89705645465"
257,"0.277999395935","0.0025897858768","Rincón Hondo","PA070607","Pesé","PA0706","Herrera","PA07","-80.6180298368","7.8204129471"
258,"0.380328292821","0.00514452160126","Sabanagrande","PA070608","Pesé","PA0706","Herrera","PA07","-80.6619635743","7.84881699117"
259,"0.254868403183","0.0018496437735","Chupampa","PA070701","Santa María","PA0707","Herrera","PA07","-80.7484168513","8.06773108931"
260,"0.196060477461","0.00186025787148","El Limón","PA070702","Santa María","PA0707","Herrera","PA07","-80.7210077591","8.04644479925"
261,"0.265919740442","0.00303628030773","El Rincón","PA070703","Santa María","PA0707","Herrera","PA07","-80.5921218998","8.10075771"
262,"0.29598936425","0.00344213265801","Los Canelos","PA070704","Santa María","PA0707","Herrera","PA07","-80.693100445","8.09401528475"
263,"0.228840010342","0.00161064395812","Santa María","PA070705","Santa María","PA0707","Herrera","PA07","-80.6427870461","8.09024510674"
264,"2.44423306809","0.0517426284246","Ailigandí","PA080101","Kuna Yala","PA0801","Kuna Yala","PA08","-78.176605225","9.24240163956"
265,"5.06609248737","0.0924313435214","Narganá","PA080102","Kuna Yala","PA0801","Kuna Yala","PA08","-79.0555801392","9.36932956645"
266,"0.617014168234","0.0102926850818","Puerto Obaldía","PA080103","Kuna Yala","PA0801","Kuna Yala","PA08","-77.4466614349","8.61301412667"
267,"3.32797600696","0.0516038502013","Tubualá","PA080104","Kuna Yala","PA0801","Kuna Yala","PA08","-77.8354816432","8.98945625627"
268,"0.316459902823","0.00284815030902","El Espinal","PA090101","Guararé","PA0901","Los Santos","PA09","-80.297864914","7.852650041"
269,"0.208073343723","0.00203677745438","El Hato","PA090102","Guararé","PA0901","Los Santos","PA09","-80.3777927709","7.77048199621"
270,"0.211828322895","0.00248124271091","El Macano","PA090103","Guararé","PA0901","Los Santos","PA09","-80.408093214","7.67329169732"
271,"0.129962281503","0.000699625407576","Guararé Arriba","PA090104","Guararé","PA0901","Los Santos","PA09","-80.349518319","7.79350909727"
272,"0.169405563404","0.00128749982083","Guararé","PA090105","Guararé","PA0901","Los Santos","PA09","-80.2768180626","7.81189825352"
273,"0.171957091114","0.00119858303617","La Enea","PA090106","Guararé","PA0901","Los Santos","PA09","-80.2664965869","7.83750780303"
274,"0.174100001305","0.00143615011559","La Pasera","PA090107","Guararé","PA0901","Los Santos","PA09","-80.307180452","7.80095430875"
275,"0.236458790945","0.00240919834651","Las Trancas","PA090108","Guararé","PA0901","Los Santos","PA09","-80.3830117902","7.72640697265"
276,"0.228057944604","0.00180279073153","Llano Abajo","PA090109","Guararé","PA0901","Los Santos","PA09","-80.4139689969","7.7570731314"
277,"0.172957625214","0.00147492630789","Perales","PA090110","Guararé","PA0901","Los Santos","PA09","-80.3317861647","7.76919082829"
278,"0.364894241902","0.00496296472153","Bajo Corral","PA090201","Las Tablas","PA0902","Los Santos","PA09","-80.2582265603","7.58447253788"
279,"0.543576133094","0.00904378824435","Bayano","PA090202","Las Tablas","PA0902","Los Santos","PA09","-80.4216691211","7.58717782422"
280,"0.200456626171","0.00144305819753","El Carate","PA090203","Las Tablas","PA0902","Los Santos","PA09","-80.3043912895","7.72522343881"
281,"0.106163906193","0.000560832660278","El Cocal","PA090204","Las Tablas","PA0902","Los Santos","PA09","-80.2745722287","7.73603533761"
282,"0.238373947332","0.00214930728077","El Manantial","PA090205","Las Tablas","PA0902","Los Santos","PA09","-80.2212442708","7.78369732237"
283,"0.255210754741","0.00269400576754","El Muñoz","PA090206","Las Tablas","PA0902","Los Santos","PA09","-80.320877075","7.65927172968"
284,"0.115140174025","0.000585885745488","El Pedregoso","PA090207","Las Tablas","PA0902","Los Santos","PA09","-80.32226181","7.69928598324"
285,"0.0945757675936","0.00033377822878","La Laja","PA090208","Las Tablas","PA0902","Los Santos","PA09","-80.2543515082","7.72721756191"
286,"0.272015678994","0.00307956111516","La Miel","PA090209","Las Tablas","PA0902","Los Santos","PA09","-80.328742981","7.56895216571"
287,"0.133946883669","0.000822548072052","La Palma","PA090210","Las Tablas","PA0902","Los Santos","PA09","-80.1919313444","7.70041761088"
288,"0.0837941419856","0.000304994829566","La Tiza","PA090211","Las Tablas","PA0902","Los Santos","PA09","-80.283643723","7.74988156908"
289,"0.127171207983","0.000884345168933","Las Palmitas","PA090212","Las Tablas","PA0902","Los Santos","PA09","-80.2983159465","7.76279865343"
290,"0.185148163218","0.00139242597015","Las Tablas Abajo","PA090213","Las Tablas","PA0902","Los Santos","PA09","-80.2437418554","7.80367555563"
291,"0.160301732209","0.000819065159936","Las Tablas","PA090214","Las Tablas","PA0902","Los Santos","PA09","-80.278385162","7.77719210638"
292,"0.546382794377","0.00749559595784","Nuario","PA090215","Las Tablas","PA0902","Los Santos","PA09","-80.3431777955","7.51036775088"
293,"0.143006673721","0.000812445253965","Palmira","PA090216","Las Tablas","PA0902","Los Santos","PA09","-80.3489130541","7.6765644755"
294,"0.107872181152","0.000612720755247","Peña Blanca","PA090217","Las Tablas","PA0902","Los Santos","PA09","-80.2721753466","7.71156758733"
295,"0.305881083833","0.00267571647233","Río Hondo","PA090218","Las Tablas","PA0902","Los Santos","PA09","-80.3351955417","7.71586480238"
296,"0.363679921263","0.00492849800688","San José","PA090219","Las Tablas","PA0902","Los Santos","PA09","-80.2381463657","7.67702715905"
297,"0.137330362422","0.000863128841868","San Miguel","PA090220","Las Tablas","PA0902","Los Santos","PA09","-80.2743645391","7.64386307856"
298,"0.42043117986","0.00389714102949","Santo Domingo","PA090221","Las Tablas","PA0902","Los Santos","PA09","-80.2112231952","7.74347183263"
299,"0.089903560744","0.000353855797748","Sesteadero","PA090222","Las Tablas","PA0902","Los Santos","PA09","-80.2528178563","7.74213620404"
300,"0.26630804632","0.00329462033785","Valle Rico","PA090223","Las Tablas","PA0902","Los Santos","PA09","-80.3599131406","7.60344370943"
301,"0.301632989763","0.00316415030614","Vallerriquito","PA090224","Las Tablas","PA0902","Los Santos","PA09","-80.3052283969","7.62392280873"
302,"0.140472218529","0.000861435907296","Agua Buena","PA090301","Los Santos","PA0903","Los Santos","PA09","-80.3953191411","7.81229900196"
303,"0.291021063226","0.00271405703569","El Guásimo","PA090302","Los Santos","PA0903","Los Santos","PA09","-80.5265312195","7.79527145191"
304,"0.206855742199","0.00182192103587","La Colorada","PA090303","Los Santos","PA0903","Los Santos","PA09","-80.5617674483","7.81183036316"
305,"0.252834308628","0.00276455973766","La Espigadilla","PA090304","Los Santos","PA0903","Los Santos","PA09","-80.387981415","7.88216797749"
306,"0.52616191951","0.00661841958553","La Villa de Los Santos","PA090305","Los Santos","PA0903","Los Santos","PA09","-80.4504144221","7.88895243402"
307,"0.343592934292","0.00390286367882","Las Cruces","PA090306","Los Santos","PA0903","Los Santos","PA09","-80.4262046817","7.80512330474"
308,"0.207115717009","0.00190053607531","Las Guabas","PA090307","Los Santos","PA0903","Los Santos","PA09","-80.4958599815","7.80467622887"
309,"0.131946888391","0.000949442480335","Llano Largo","PA090308","Los Santos","PA0903","Los Santos","PA09","-80.4185887356","7.90384762944"
310,"0.195385324713","0.0016759024938","Los Angeles","PA090309","Los Santos","PA0903","Los Santos","PA09","-80.3395766331","7.88432187788"
311,"0.250047169893","0.00247421255726","Los Olivos","PA090310","Los Santos","PA0903","Los Santos","PA09","-80.4966643676","7.89785334114"
312,"0.245239457517","0.00285317716121","Sabanagrande","PA090311","Los Santos","PA0903","Los Santos","PA09","-80.3580278131","7.83494165247"
313,"0.441985884479","0.00511230372755","Santa Ana","PA090312","Los Santos","PA0903","Los Santos","PA09","-80.3601500494","7.94482405111"
314,"0.159639990584","0.00110240123198","Tres Quebradas","PA090313","Los Santos","PA0903","Los Santos","PA09","-80.4037884243","7.84282208113"
315,"0.28018276529","0.00241057329971","Villa Lourdes","PA090314","Los Santos","PA0903","Los Santos","PA09","-80.4600334167","7.79263470265"
316,"0.216874910042","0.00241755099438","Bahía Honda","PA090401","Macaracas","PA0904","Los Santos","PA09","-80.4472868143","7.70198006702"
317,"0.446675169281","0.00788627203237","Bajos de Güera","PA090402","Macaracas","PA0904","Los Santos","PA09","-80.6350601523","7.54472115057"
318,"0.198625331525","0.00145462650771","Chupá","PA090403","Macaracas","PA0904","Los Santos","PA09","-80.5731682255","7.76250403956"
319,"0.245228980149","0.00222331569654","Corozal","PA090404","Macaracas","PA0904","Los Santos","PA09","-80.4773251383","7.73259940161"
320,"0.239909406136","0.00243712320106","El Cedro","PA090405","Macaracas","PA0904","Los Santos","PA09","-80.5329402508","7.75665148238"
321,"0.251920522146","0.00227232267208","Espino Amarillo","PA090406","Macaracas","PA0904","Los Santos","PA09","-80.484106064","7.67690792686"
322,"0.302495942786","0.00419299209205","La Mesa","PA090407","Macaracas","PA0904","Los Santos","PA09","-80.6289017344","7.61213896477"
323,"0.381813002568","0.00384033916377","Las Palmas","PA090408","Macaracas","PA0904","Los Santos","PA09","-80.5071891244","7.65796249654"
324,"0.419897199788","0.00887040394109","Llano de Piedra","PA090409","Macaracas","PA0904","Los Santos","PA09","-80.5570199907","7.61293237004"
325,"0.386796605548","0.00307628671638","Macaracas","PA090410","Macaracas","PA0904","Los Santos","PA09","-80.5092029575","7.72457665235"
326,"0.495724030034","0.00548151188404","Mogollón","PA090411","Macaracas","PA0904","Los Santos","PA09","-80.4942970275","7.5756275102"
327,"0.526817538431","0.00725501942282","Los Asientos","PA090501","Pedasí","PA0905","Los Santos","PA09","-80.120136536","7.49548797717"
328,"0.416669141008","0.00378383209452","Mariabé","PA090502","Pedasí","PA0905","Los Santos","PA09","-80.0572869717","7.58130562587"
329,"0.637503327802","0.00848918227508","Oria Arriba","PA090503","Pedasí","PA0905","Los Santos","PA09","-80.1913375855","7.48915309997"
330,"0.531201695696","0.00904873861265","Pedasí","PA090504","Pedasí","PA0905","Los Santos","PA09","-80.0476037749","7.49730279331"
331,"0.216420345748","0.00191324762358","Purio","PA090505","Pedasí","PA0905","Los Santos","PA09","-80.077152252","7.6028456316"
332,"0.465692604405","0.00445316374892","El Cañafístulo","PA090601","Pocrí","PA0906","Los Santos","PA09","-80.2213401797","7.59786295005"
333,"0.307986787038","0.00415866256455","Lajamina","PA090602","Pocrí","PA0906","Los Santos","PA09","-80.1372487676","7.57953865182"
334,"0.385981343948","0.00539065029155","Paraíso","PA090603","Pocrí","PA0906","Los Santos","PA09","-80.1525459882","7.69783012779"
335,"0.373188404761","0.00386147083694","Paritilla","PA090604","Pocrí","PA0906","Los Santos","PA09","-80.1882610317","7.59881783528"
336,"0.337299866818","0.00462715186576","Pocrí","PA090605","Pocrí","PA0906","Los Santos","PA09","-80.1118424069","7.64613216146"
337,"0.584969577841","0.0103189344641","Altos de Güera","PA090701","Tonosí","PA0907","Los Santos","PA09","-80.6164917885","7.49974783697"
338,"0.78579867048","0.0100936815815","Cañas","PA090702","Tonosí","PA0907","Los Santos","PA09","-80.2937852745","7.45624563216"
339,"0.697569326567","0.0135791007171","Cambutal","PA090703","Tonosí","PA0907","Los Santos","PA09","-80.5680080264","7.28471401183"
340,"0.454581312223","0.00943476301598","El Bebedero","PA090704","Tonosí","PA0907","Los Santos","PA09","-80.4994147807","7.41314452574"
341,"0.484564699667","0.00781777567677","El Cacao","PA090705","Tonosí","PA0907","Los Santos","PA09","-80.4036961875","7.44649731399"
342,"0.518508096637","0.011411746614","El Cortezo","PA090706","Tonosí","PA0907","Los Santos","PA09","-80.6643611482","7.41821080241"
343,"0.459545737925","0.00858290022299","Flores","PA090707","Tonosí","PA0907","Los Santos","PA09","-80.437628968","7.50503049791"
344,"0.773934357352","0.0168239319477","Guánico","PA090708","Tonosí","PA0907","Los Santos","PA09","-80.51417923","7.34150878958"
345,"0.44053121088","0.0066470263804","La Tronosa","PA090709","Tonosí","PA0907","Los Santos","PA09","-80.576643144","7.438813645"
346,"0.461066169012","0.0071489572709","Tonosí","PA090710","Tonosí","PA0907","Los Santos","PA09","-80.4007261924","7.37330300289"
347,"0.518201577436","0.0108853461147","Boca De Balsa","PA100101","Besiko","PA1001","Ngöbe Buglé","PA10","-82.0221516392","8.58631176167"
348,"0.336339180949","0.00402520706432","Camarón Arriba","PA100102","Besiko","PA1001","Ngöbe Buglé","PA10","-81.9902055613","8.39429199612"
349,"0.414129583851","0.00891089476017","Cerro Banco","PA100103","Besiko","PA1001","Ngöbe Buglé","PA10","-82.0081852162","8.46564791275"
350,"0.332571804238","0.00424941209749","Cerro De Patena","PA100104","Besiko","PA1001","Ngöbe Buglé","PA10","-81.9260051329","8.44124853373"
351,"0.867167218891","0.0110855773838","Emplanada de Chorcha","PA100105","Besiko","PA1001","Ngöbe Buglé","PA10","-82.1287870157","8.66602542548"
352,"0.229658238008","0.00231375403451","Nämnoni","PA100106","Besiko","PA1001","Ngöbe Buglé","PA10","-81.9629496169","8.36996365059"
353,"0.551494528603","0.0123447128952","Niba","PA100107","Besiko","PA1001","Ngöbe Buglé","PA10","-81.9446232602","8.5648936915"
354,"0.486668648987","0.0100108216044","Soloy","PA100108","Besiko","PA1001","Ngöbe Buglé","PA10","-82.0947421252","8.54070642489"
355,"0.554326878098","0.0119878647874","Cascabel","PA100201","Mironó","PA1002","Ngöbe Buglé","PA10","-81.8681050019","8.56137320021"
356,"0.225982405521","0.00165495773791","Hato Corotú","PA100202","Mironó","PA1002","Ngöbe Buglé","PA10","-81.9473871972","8.34631287685"
357,"0.324815898636","0.00572980379721","Hato Culantro","PA100203","Mironó","PA1002","Ngöbe Buglé","PA10","-81.8574506788","8.45255418707"
358,"0.253214079634","0.00247530270858","Hato Jobo","PA100204","Mironó","PA1002","Ngöbe Buglé","PA10","-81.8899434222","8.39735971345"
359,"0.127802768075","0.000985555989033","Hato Julí","PA100205","Mironó","PA1002","Ngöbe Buglé","PA10","-81.84328769","8.34744942556"
360,"0.278129615985","0.00431779608274","Hato Pilón","PA100206","Mironó","PA1002","Ngöbe Buglé","PA10","-81.8248127493","8.38626456675"
361,"0.167698242067","0.00108229142454","Quebrada de Loro","PA100207","Mironó","PA1002","Ngöbe Buglé","PA10","-81.9156874229","8.35109639074"
362,"0.205634072105","0.00230278878897","Salto Dupí","PA100208","Mironó","PA1002","Ngöbe Buglé","PA10","-81.880655287","8.35289863659"
363,"0.297890114744","0.00229780459431","Alto Caballero","PA100301","Müna","PA1003","Ngöbe Buglé","PA10","-81.6786056798","8.31438955931"
364,"0.386505496465","0.000969645331338","Bakama","PA100302","Müna","PA1003","Ngöbe Buglé","PA10","-81.5721454617","8.23800084318"
365,"0.319724665762","0.00232968984038","Cerro Caña","PA100303","Müna","PA1003","Ngöbe Buglé","PA10","-81.6395568845","8.3247662296"
366,"0.245330033783","0.00257402980808","Cerro Puerco","PA100304","Müna","PA1003","Ngöbe Buglé","PA10","-81.7437246764","8.32904522881"
367,"0.408700004645","0.0064858827346","Chichica","PA100305","Müna","PA1003","Ngöbe Buglé","PA10","-81.6631210864","8.38267723856"
368,"0.611623823716","0.0137070477834","Krüa","PA100306","Müna","PA1003","Ngöbe Buglé","PA10","-81.5505840342","8.56217728347"
369,"0.298145729662","0.00309399119915","Maraca","PA100307","Müna","PA1003","Ngöbe Buglé","PA10","-81.7220077515","8.36743569531"
370,"0.535365725202","0.003265272332","Nibra","PA100308","Müna","PA1003","Ngöbe Buglé","PA10","-81.5349845887","8.29708419458"
371,"0.539340320102","0.0105791921993","Peña Blanca","PA100309","Müna","PA1003","Ngöbe Buglé","PA10","-81.680946376","8.47553350293"
372,"0.43759651937","0.00690093032539","Roka","PA100310","Müna","PA1003","Ngöbe Buglé","PA10","-81.61324195","8.50541794956"
373,"0.383708452848","0.00718479633996","Sitio Prado","PA100311","Müna","PA1003","Ngöbe Buglé","PA10","-81.5745391346","8.41741057185"
374,"0.244952124721","0.0015282468948","Umani","PA100312","Müna","PA1003","Ngöbe Buglé","PA10","-81.7199000319","8.29927126471"
375,"0.245947562328","0.00268416994781","Cerro Iglesias","PA100401","Nole Duima","PA1004","Ngöbe Buglé","PA10","-81.7934052922","8.30240258469"
376,"0.21965284892","0.00282880977968","Hato Chamí","PA100402","Nole Duima","PA1004","Ngöbe Buglé","PA10","-81.7690799289","8.40853850755"
377,"0.455065706291","0.00771785483581","Jädeberi","PA100403","Nole Duima","PA1004","Ngöbe Buglé","PA10","-81.7874518611","8.49093729471"
378,"0.163571336361","0.00108221639222","Lajero","PA100404","Nole Duima","PA1004","Ngöbe Buglé","PA10","-81.7614321113","8.28390548412"
379,"0.276249172816","0.00271016825007","Susama","PA100405","Nole Duima","PA1004","Ngöbe Buglé","PA10","-81.7861444522","8.34848947516"
380,"0.633166609008","0.0127404800002","Agua De Salud","PA100501","Ñürüm","PA1005","Ngöbe Buglé","PA10","-81.4371250549","8.51031603486"
381,"0.247506111103","0.00267270178007","Alto de Jesús","PA100502","Ñürüm","PA1005","Ngöbe Buglé","PA10","-81.4707791643","8.27565358572"
382,"0.349207842494","0.00569694359909","Buenos Aires","PA100503","Ñürüm","PA1005","Ngöbe Buglé","PA10","-81.5050465997","8.46828624475"
383,"0.255105844165","0.00286173859719","Cerro Pelado","PA100504","Ñürüm","PA1005","Ngöbe Buglé","PA10","-81.516559601","8.17271704994"
384,"0.394064625111","0.00395151130135","El Bale","PA100505","Ñürüm","PA1005","Ngöbe Buglé","PA10","-81.3725312125","8.36221428281"
385,"0.729244797983","0.00708111733458","El Paredón","PA100506","Ñürüm","PA1005","Ngöbe Buglé","PA10","-81.2324202032","8.49441504027"
386,"0.1445112245","0.000466759432486","El Piro","PA100507","Ñürüm","PA1005","Ngöbe Buglé","PA10","-81.513940811","8.23923093096"
387,"0.600797803287","0.00684569212455","Güibale","PA100508","Ñürüm","PA1005","Ngöbe Buglé","PA10","-81.3612895828","8.52989790733"
388,"0.392544837161","0.00603355482546","Guayabito","PA100509","Ñürüm","PA1005","Ngöbe Buglé","PA10","-81.476736924","8.58032057823"
389,"1.05762649587","0.026853331419","Büri","PA100601","Kankintú","PA1006","Ngöbe Buglé","PA10","-82.2323300742","8.84381869759"
390,"0.9408809605","0.0171409935133","Bisira","PA100602","Kankintú","PA1006","Ngöbe Buglé","PA10","-81.8491287235","8.92390900119"
391,"1.28583909604","0.0601684210288","Guariviara","PA100603","Kankintú","PA1006","Ngöbe Buglé","PA10","-82.0121236294","8.77952392484"
392,"0.851597967156","0.0332204503077","Guoroní","PA100604","Kankintú","PA1006","Ngöbe Buglé","PA10","-81.733932235","8.697757245"
393,"0.726176102248","0.017183399737","Kankintú","PA100605","Kankintú","PA1006","Ngöbe Buglé","PA10","-81.8484621843","8.80988734133"
394,"0.42864592974","0.00761857423017","Mününi","PA100606","Kankintú","PA1006","Ngöbe Buglé","PA10","-81.7068401072","8.56311857792"
395,"0.533199092374","0.0130747468531","Piedra Roja","PA100607","Kankintú","PA1006","Ngöbe Buglé","PA10","-81.7896374889","8.59688606542"
396,"1.03778097028","0.0189983356181","Tuwai","PA100608","Kankintú","PA1006","Ngöbe Buglé","PA10","-82.3865451815","8.99971652019"
397,"0.901271189525","0.00753153032187","Bahía Azul","PA100701","Kusapín","PA1007","Ngöbe Buglé","PA10","-81.801799774","9.03271497669"
398,"1.01741574624","0.0214703742418","Calavébora o Santa Catalina","PA100702","Kusapín","PA1007","Ngöbe Buglé","PA10","-81.3339876986","8.74731937237"
399,"0.397063011657","0.00167282262324","Kusapín","PA100703","Kusapín","PA1007","Ngöbe Buglé","PA10","-81.897640228","9.173193932"
400,"0.645279215437","0.0193305992515","Loma Yuca","PA100704","Kusapín","PA1007","Ngöbe Buglé","PA10","-81.4119593211","8.67143970032"
401,"1.54386401186","0.0442750429023","Río Chiriquí","PA100705","Kusapín","PA1007","Ngöbe Buglé","PA10","-81.5985741761","8.78067204523"
402,"1.38679441232","0.0167191753732","Tobobe","PA100706","Kusapín","PA1007","Ngöbe Buglé","PA10","-81.7158470157","8.85219994942"
403,"0.641439402437","0.0167525017084","Valle Bonito","PA100707","Kusapín","PA1007","Ngöbe Buglé","PA10","-81.2721092659","8.59967461478"
404,"0.763816431738","0.0112886014219","Arraiján","PA110101","Arraiján","PA1101","Panamá Oeste","PA11","-79.6486195434","8.96449552089"
405,"0.280998982291","0.00398612575793","Juan Demóstenes Arosemena","PA110102","Arraiján","PA1101","Panamá Oeste","PA11","-79.7253995526","8.93946359142"
406,"0.688853853366","0.00935915199409","Nuevo Emperador","PA110103","Arraiján","PA1101","Panamá Oeste","PA11","-79.7139689227","9.0386295611"
407,"0.423319180356","0.00425533367697","Santa Clara","PA110104","Arraiján","PA1101","Panamá Oeste","PA11","-79.7576893269","9.06717861189"
408,"0.432588528759","0.00456124750231","Veracruz","PA110105","Arraiján","PA1101","Panamá Oeste","PA11","-79.6024569678","8.92019270927"
409,"0.149741173036","0.00117275807711","Vista Alegre","PA110106","Arraiján","PA1101","Panamá Oeste","PA11","-79.6951254813","8.91377519904"
410,"0.263097734235","0.00363474986544","Caimito","PA110201","Capira","PA1102","Panamá Oeste","PA11","-79.9616211663","8.80552446565"
411,"0.510443871495","0.00596024692615","Campana","PA110202","Capira","PA1102","Panamá Oeste","PA11","-79.872844696","8.70966286003"
412,"0.347714383443","0.00382143261561","Capira","PA110203","Capira","PA1102","Panamá Oeste","PA11","-79.8412213799","8.76312401048"
413,"0.615981227499","0.00736107645338","Cermeño","PA110204","Capira","PA1102","Panamá Oeste","PA11","-79.7965620179","8.72429496193"
414,"0.404281054354","0.00828265175293","Cirí de los Sotos","PA110205","Capira","PA1102","Panamá Oeste","PA11","-80.104148542","8.93061049096"
415,"0.781707891164","0.0122689655931","Cirí Grande","PA110206","Capira","PA1102","Panamá Oeste","PA11","-80.080440521","8.78766930653"
416,"0.586795463858","0.0148657614171","El Cacao","PA110207","Capira","PA1102","Panamá Oeste","PA11","-80.0264629079","8.73776017151"
417,"0.445823181176","0.00980128558152","La Trinidad","PA110208","Capira","PA1102","Panamá Oeste","PA11","-80.0164935734","8.91241311129"
418,"0.247913199302","0.00359743309816","Lídice","PA110209","Capira","PA1102","Panamá Oeste","PA11","-79.9319689985","8.74805632423"
419,"0.220454481481","0.0021133809091","Las Ollas Arriba","PA110210","Capira","PA1102","Panamá Oeste","PA11","-79.9017716094","8.79451400897"
420,"0.476792591768","0.00778357876511","Santa Rosa","PA110211","Capira","PA1102","Panamá Oeste","PA11","-80.1103401185","8.84071560145"
421,"0.102955768095","0.000488410869271","Villa Carmen","PA110212","Capira","PA1102","Panamá Oeste","PA11","-79.8645284279","8.80070794877"
422,"0.294630314965","0.00216135183862","Villa Rosario","PA110213","Capira","PA1102","Panamá Oeste","PA11","-79.8413124087","8.80179314584"
423,"0.405128673431","0.0043515324257","Bejuco","PA110301","Chame","PA1103","Panamá Oeste","PA11","-79.8811264035","8.62870074579"
424,"0.351036923264","0.00331370137231","Buenos Aires","PA110302","Chame","PA1103","Panamá Oeste","PA11","-79.946105957","8.62557821818"
425,"0.265755109961","0.00332159786374","Cabuya","PA110303","Chame","PA1103","Panamá Oeste","PA11","-79.9539502034","8.58280974643"
426,"0.255526037213","0.00250408663703","Chame","PA110304","Chame","PA1103","Panamá Oeste","PA11","-79.849029541","8.59851518662"
427,"0.151498297364","0.00146620426101","Chicá","PA110305","Chame","PA1103","Panamá Oeste","PA11","-79.9413533747","8.67171086383"
428,"0.27222487897","0.00189532725066","El Libano","PA110306","Chame","PA1103","Panamá Oeste","PA11","-79.805965424","8.60847629545"
429,"0.228232269848","0.00135364029125","Las Lajas","PA110307","Chame","PA1103","Panamá Oeste","PA11","-79.9101611507","8.54940560369"
430,"0.230887824833","0.00187599923971","Nueva Gorgona","PA110308","Chame","PA1103","Panamá Oeste","PA11","-79.8715269789","8.56664705177"
431,"0.416224482232","0.00176199133125","Punta Chame","PA110309","Chame","PA1103","Panamá Oeste","PA11","-79.7833003997","8.58817447961"
432,"0.1881897059","0.0019393649524","Sajalices","PA110310","Chame","PA1103","Panamá Oeste","PA11","-79.874924885","8.67205229816"
433,"0.374081515092","0.00629326423752","Sorá","PA110311","Chame","PA1103","Panamá Oeste","PA11","-80.0099001675","8.64935612303"
434,"2.38487178579","0.0115129023076","Amador","PA110401","La Chorrera","PA1104","Panamá Oeste","PA11","-79.9154129025","9.04728969791"
435,"0.242022412227","0.00255835095754","Arosemena","PA110402","La Chorrera","PA1104","Panamá Oeste","PA11","-79.9567363205","8.95281221061"
436,"0.128940880878","0.000669430631168","Barrio Balboa","PA110403","La Chorrera","PA1104","Panamá Oeste","PA11","-79.7859896359","8.87607202485"
437,"0.146508274678","0.00129354940126","Barrio Colón","PA110404","La Chorrera","PA1104","Panamá Oeste","PA11","-79.7606601075","8.89076370686"
438,"0.712652220832","0.00603365085128","El Arado","PA110405","La Chorrera","PA1104","Panamá Oeste","PA11","-79.778755188","8.9771192413"
439,"0.162086608408","0.00125027855905","El Coco","PA110406","La Chorrera","PA1104","Panamá Oeste","PA11","-79.8183974284","8.88037330711"
440,"0.200258683523","0.0017929904866","Feuillet","PA110407","La Chorrera","PA1104","Panamá Oeste","PA11","-79.8627128723","8.83405517448"
441,"0.21160458989","0.0020472501693","Guadalupe","PA110408","La Chorrera","PA1104","Panamá Oeste","PA11","-79.8151016235","8.84398262578"
442,"0.389338942734","0.00706910602478","Herrera","PA110409","La Chorrera","PA1104","Panamá Oeste","PA11","-79.8396150763","8.94310822963"
443,"0.301606224499","0.00388632096461","Hurtado","PA110410","La Chorrera","PA1104","Panamá Oeste","PA11","-79.8875561071","8.9072777806"
444,"0.681878159454","0.00494835177028","Iturralde","PA110411","La Chorrera","PA1104","Panamá Oeste","PA11","-79.930779308","8.99472791074"
445,"0.489979554348","0.00337174219885","La Represa","PA110412","La Chorrera","PA1104","Panamá Oeste","PA11","-79.821548462","9.02267947826"
446,"0.220423023334","0.00255874162991","Los Díaz","PA110413","La Chorrera","PA1104","Panamá Oeste","PA11","-79.9193118304","8.84356857176"
447,"0.738601634993","0.00490306602061","Mendoza","PA110414","La Chorrera","PA1104","Panamá Oeste","PA11","-79.8655415365","9.0183084707"
448,"0.271039237321","0.00314666624858","Obaldía","PA110415","La Chorrera","PA1104","Panamá Oeste","PA11","-79.9603414375","8.88173396673"
449,"0.365954736334","0.00362073076233","Playa Leona","PA110416","La Chorrera","PA1104","Panamá Oeste","PA11","-79.7855535142","8.82138080741"
450,"0.271107087441","0.00232271577091","Puerto Caimito","PA110417","La Chorrera","PA1104","Panamá Oeste","PA11","-79.7331154368","8.87304812355"
451,"0.259662332924","0.00282680392662","Santa Rita","PA110418","La Chorrera","PA1104","Panamá Oeste","PA11","-79.8979851878","8.87380029596"
452,"0.245156956546","0.00301289752809","El Espino","PA110501","San Carlos","PA1105","Panamá Oeste","PA11","-80.0232398284","8.50264766931"
453,"0.297100914732","0.00356324430814","El Higo","PA110502","San Carlos","PA1105","Panamá Oeste","PA11","-80.0423930029","8.45934024502"
454,"0.291972396833","0.00301699153276","Guayabito","PA110503","San Carlos","PA1105","Panamá Oeste","PA11","-79.9956207275","8.54596627571"
455,"0.316741391252","0.00248364395135","La Ermita","PA110504","San Carlos","PA1105","Panamá Oeste","PA11","-80.0755812345","8.4658080874"
456,"0.289837079239","0.00464703153667","La Laguna","PA110505","San Carlos","PA1105","Panamá Oeste","PA11","-80.0426809237","8.59938180899"
457,"0.19616588618","0.00142809010833","Las Uvas","PA110506","San Carlos","PA1105","Panamá Oeste","PA11","-79.9941421167","8.46585342291"
458,"0.398906923216","0.00507277082797","Los Llanitos","PA110507","San Carlos","PA1105","Panamá Oeste","PA11","-80.0777876899","8.5591976149"
459,"0.257039354161","0.00247991895556","San Carlos","PA110508","San Carlos","PA1105","Panamá Oeste","PA11","-79.9596900709","8.4933356999"
460,"0.241503038655","0.00248090477072","San José","PA110509","San Carlos","PA1105","Panamá Oeste","PA11","-79.9381073758","8.53649077581"
461,"0.622843368824","0.00561305440255","La Ensenada","PA120101","Balboa","PA1201","Panamá","PA12","-78.8761956918","8.34411659385"
462,"0.729787486894","0.00283116743831","La Esmeralda","PA120102","Balboa","PA1201","Panamá","PA12","-78.9473724362","8.29333721319"
463,"0.467513029158","0.00268986600366","La Guinea","PA120103","Balboa","PA1201","Panamá","PA12","-78.9369461537","8.33618900404"
464,"0.970820997545","0.00522754296626","Pedro González","PA120104","Balboa","PA1201","Panamá","PA12","-79.1110022493","8.26477477133"
465,"0.465556635391","0.000754963475222","Saboga","PA120105","Balboa","PA1201","Panamá","PA12","-79.062907938","8.62320649563"
466,"2.17708934202","0.0115513532993","San Miguel","PA120106","Balboa","PA1201","Panamá","PA12","-78.9124813892","8.41653370033"
467,"0.780781703606","0.0301324706238","Cañita","PA120201","Chepo","PA1202","Panamá","PA12","-78.83306095","9.2892872197"
468,"0.105692059997","8.84769509979e-05","Chepillo","PA120202","Chepo","PA1202","Panamá","PA12","-79.1292366285","8.94984597143"
469,"0.993498296526","0.0391060527061","Chepo","PA120203","Chepo","PA1202","Panamá","PA12","-79.0814553823","9.14561374199"
470,"2.89461522897","0.0345798449532","El Llano","PA120204","Chepo","PA1202","Panamá","PA12","-78.9045748041","9.14265642884"
471,"6.64676710768","0.174050346356","Kuna de Madungandí","PA120205","Chepo","PA1202","Panamá","PA12","-78.236078262","9.05576763411"
472,"0.768350679428","0.0213768904392","Las Margaritas","PA120206","Chepo","PA1202","Panamá","PA12","-79.1588134765","9.2861408062"
473,"1.18576612117","0.0304424770798","Santa Cruz de Chinina","PA120207","Chepo","PA1202","Panamá","PA12","-78.9884548863","9.00733443408"
474,"2.43950354121","0.0864008066857","Tortí","PA120208","Chepo","PA1202","Panamá","PA12","-78.4565200805","8.89165103462"
475,"1.24359888535","0.0115670212617","Brujas","PA120301","Chimán","PA1203","Panamá","PA12","-78.4810886382","8.49601182905"
476,"0.938398185155","0.018796960203","Chimán","PA120302","Chimán","PA1203","Panamá","PA12","-78.5614086578","8.75428766598"
477,"0.462442889906","0.00325125459741","Gonzalo Vasquez","PA120303","Chimán","PA1203","Panamá","PA12","-78.445587158","8.43143590892"
478,"0.647426022353","0.0167560661883","Pasiga","PA120304","Chimán","PA1203","Panamá","PA12","-78.8164115556","8.89271503233"
479,"1.23127070798","0.0280651761923","Unión Santeña","PA120305","Chimán","PA1203","Panamá","PA12","-78.6727692797","8.83275531619"
480,"1.18128565271","0.0171578141276","Ancón","PA120401","Panamá","PA1204","Panamá","PA12","-79.6060110557","9.06001083819"
481,"0.0782879506511","0.000192568533534","Bella Vista","PA120402","Panamá","PA1204","Panamá","PA12","-79.5185328998","8.98186555992"
482,"0.149770113202","0.000644952616019","Betania","PA120403","Panamá","PA1204","Panamá","PA12","-79.528417587","9.00388450151"
483,"2.3235898441","0.0810697033764","Chilibre","PA120404","Panamá","PA1204","Panamá","PA12","-79.4510471979","9.32549628049"
484,"0.0506261331923","0.000106828088178","Curundú","PA120405","Panamá","PA1204","Panamá","PA12","-79.5330085755","8.97728657393"
485,"0.0337577635674","5.27486101108e-05","El Chorrillo","PA120406","Panamá","PA1204","Panamá","PA12","-79.5377034973","8.95288623457"
486,"0.278886475865","0.00303872249062","Juan Díaz","PA120407","Panamá","PA1204","Panamá","PA12","-79.4312436725","9.03628322117"
487,"0.0470915160265","4.79138184972e-05","La Exposición o Calidonia","PA120408","Panamá","PA1204","Panamá","PA12","-79.536872864","8.96526649935"
488,"0.480447212035","0.0085605198717","Las Cumbres","PA120409","Panamá","PA1204","Panamá","PA12","-79.5152359747","9.11281663857"
489,"1.42551109376","0.0389224787785","Pacora","PA120410","Panamá","PA1204","Panamá","PA12","-79.287349701","9.07155040519"
490,"0.121484001765","0.000604535944806","Parque Lefevre","PA120411","Panamá","PA1204","Panamá","PA12","-79.4802078699","9.01446755731"
491,"0.204093205671","0.00227609463525","Pedregal","PA120412","Panamá","PA1204","Panamá","PA12","-79.4345641253","9.10014250225"
492,"0.134411828642","0.000376915697147","Pueblo Nuevo","PA120413","Panamá","PA1204","Panamá","PA12","-79.5047969817","9.02413730925"
493,"0.0753825997556","0.000277123899369","Río Abajo","PA120414","Panamá","PA1204","Panamá","PA12","-79.504841775","9.013148692"
494,"0.0179704221174","9.32989923762e-06","San Felipe","PA120415","Panamá","PA1204","Panamá","PA12","-79.5325119244","8.95195791409"
495,"0.133165856783","0.000415191664281","San Francisco","PA120416","Panamá","PA1204","Panamá","PA12","-79.505115509","8.99328194584"
496,"0.579639016512","0.00995090321685","San Martín","PA120417","Panamá","PA1204","Panamá","PA12","-79.2664826862","9.22286351157"
497,"0.0232868977477","1.79464451894e-05","Santa Ana","PA120418","Panamá","PA1204","Panamá","PA12","-79.5377008934","8.96060420867"
498,"0.496224719321","0.00711695769922","Tocumen","PA120419","Panamá","PA1204","Panamá","PA12","-79.3765945438","9.07925419676"
499,"0.116768000968","0.000383074453944","Amelia Denis de Icaza","PA120501","San Miguelito","PA1205","Panamá","PA12","-79.50617755","9.04174951987"
500,"0.075199675805","0.000236142973689","Arnulfo Arias","PA120502","San Miguelito","PA1205","Panamá","PA12","-79.4741783145","9.06698004828"
501,"0.0827730137197","0.000443478297764","Belisario Frías","PA120503","San Miguelito","PA1205","Panamá","PA12","-79.4852945332","9.07665604074"
502,"0.0814038644566","0.000368296019759","Belisario Porras","PA120504","San Miguelito","PA1205","Panamá","PA12","-79.4937988536","9.05504273495"
503,"0.109947465285","0.000569054875857","José Domingo Espinar","PA120505","San Miguelito","PA1205","Panamá","PA12","-79.4705204986","9.05138799153"
504,"0.0710686783469","0.000252276249822","Mateo Iturralde","PA120506","San Miguelito","PA1205","Panamá","PA12","-79.4857612074","9.03173249889"
505,"0.129741004655","0.000885690444821","Omar Torrijos","PA120507","San Miguelito","PA1205","Panamá","PA12","-79.516056223","9.0612260481"
506,"0.146463674001","0.00111047409902","Rufina Alfaro","PA120508","San Miguelito","PA1205","Panamá","PA12","-79.4526654954","9.0735789322"
507,"0.102293084096","0.000246323718565","Victoriano Lorenzo","PA120509","San Miguelito","PA1205","Panamá","PA12","-79.5045776367","9.03163813468"
508,"0.0867465705852","0.000107218308837","Otoque Occidente","PA120601","Taboga","PA1206","Panamá","PA12","-79.6071853635","8.59819623222"
509,"0.128056624888","0.000197261487687","Otoque Oriente","PA120602","Taboga","PA1206","Panamá","PA12","-79.5977242905","8.60083410529"
510,"0.329537684236","0.000698276018348","Taboga","PA120603","Taboga","PA1206","Panamá","PA12","-79.5575385999","8.78871317417"
511,"0.356218545623","0.00432992055242","Atalaya","PA130101","Atalaya","PA1301","Veraguas","PA13","-80.9055630096","8.04422210247"
512,"0.1659169321","0.00191315280423","El Barrito","PA130102","Atalaya","PA1301","Veraguas","PA13","-80.920852451","7.98652250799"
513,"0.236806021368","0.00348652076241","La Carrillo","PA130103","Atalaya","PA1301","Veraguas","PA13","-80.8741990941","7.98901324841"
514,"0.309090120195","0.00241881563229","La Montañuela","PA130104","Atalaya","PA1301","Veraguas","PA13","-80.8428827697","8.02407744374"
515,"0.180945721638","0.00152979418832","San Antonio","PA130105","Atalaya","PA1301","Veraguas","PA13","-80.8738778616","8.07683794602"
516,"0.243488517056","0.00270828001043","Barnizal","PA130201","Calobre","PA1302","Veraguas","PA13","-80.758995387","8.40396081095"
517,"0.486105012248","0.00755431458372","Calobre","PA130202","Calobre","PA1302","Veraguas","PA13","-80.8063236878","8.28595559274"
518,"0.367617536384","0.0079771758667","Chitra","PA130203","Calobre","PA1302","Veraguas","PA13","-80.8820049365","8.52698758465"
519,"0.380223250376","0.00424623705181","El Cocla","PA130204","Calobre","PA1302","Veraguas","PA13","-80.869140625","8.30590609044"
520,"0.261154036428","0.00385412788643","El Potrero","PA130205","Calobre","PA1302","Veraguas","PA13","-80.8062672344","8.37977108957"
521,"0.460832314176","0.00897979219797","La Laguna","PA130206","Calobre","PA1302","Veraguas","PA13","-80.7314609112","8.32902348061"
522,"0.322474440826","0.00327475083574","La Raya de Calobre","PA130207","Calobre","PA1302","Veraguas","PA13","-80.7867813667","8.21162204273"
523,"0.296863970863","0.00471142900987","La Tetilla","PA130208","Calobre","PA1302","Veraguas","PA13","-80.8582949563","8.24335537308"
524,"0.540569497758","0.00929473291072","La Yeguada","PA130209","Calobre","PA1302","Veraguas","PA13","-80.844264984","8.45129381455"
525,"0.424108149061","0.00865143130191","Las Guías","PA130210","Calobre","PA1302","Veraguas","PA13","-80.7289868154","8.22508341983"
526,"0.278262490583","0.00320143101753","Monjarás","PA130211","Calobre","PA1302","Veraguas","PA13","-80.850643158","8.36840235443"
527,"0.269752354573","0.00354065084857","San José","PA130212","Calobre","PA1302","Veraguas","PA13","-80.7829283166","8.45621824836"
528,"0.562809560286","0.0119602248532","Cañazas","PA130301","Cañazas","PA1303","Veraguas","PA13","-81.246700287","8.31155961724"
529,"0.524587272168","0.00837363349988","Cerro de Plata","PA130302","Cañazas","PA1303","Veraguas","PA13","-81.352669661","8.29629406223"
530,"0.84790620154","0.0155466473706","El Picador","PA130303","Cañazas","PA1303","Veraguas","PA13","-81.2955514756","8.429931503"
531,"0.487070983411","0.00792594756935","Los Valles","PA130304","Cañazas","PA1303","Veraguas","PA13","-81.2048416135","8.41811254386"
532,"0.863471470871","0.0126717575394","San José","PA130305","Cañazas","PA1303","Veraguas","PA13","-81.4173417807","8.39319927131"
533,"0.662388379083","0.0131029413383","San Marcelo","PA130306","Cañazas","PA1303","Veraguas","PA13","-81.1331549014","8.33311336794"
534,"0.376255574219","0.00737625047531","Bisvalles","PA130401","La Mesa","PA1304","Veraguas","PA13","-81.2122973472","8.23039387189"
535,"0.345590470233","0.00589472174799","Boró","PA130402","La Mesa","PA1304","Veraguas","PA13","-81.2984773545","8.1833786112"
536,"0.708702208846","0.0177375831212","La Mesa","PA130403","La Mesa","PA1304","Veraguas","PA13","-81.1525271575","8.16939129948"
537,"0.321534159721","0.00471193746563","Llano Grande","PA130404","La Mesa","PA1304","Veraguas","PA13","-81.1147388487","8.10984282412"
538,"0.422962740101","0.00818565945977","San Bartolo","PA130405","La Mesa","PA1304","Veraguas","PA13","-81.3206763604","8.23484896042"
539,"0.454469224862","0.00753847335978","Cerro de Casa","PA130501","Las Palmas","PA1305","Veraguas","PA13","-81.5688746832","8.12432721184"
540,"0.249992179927","0.00346298120267","Corozal","PA130502","Las Palmas","PA1305","Veraguas","PA13","-81.4090943209","8.08962487129"
541,"0.50979701419","0.00886713368905","El María","PA130503","Las Palmas","PA1305","Veraguas","PA13","-81.448448213","8.00414779046"
542,"0.392319982761","0.00335968669415","El Prado","PA130504","Las Palmas","PA1305","Veraguas","PA13","-81.4850997925","8.227789903"
543,"0.400518767053","0.0060909998913","El Rincón","PA130505","Las Palmas","PA1305","Veraguas","PA13","-81.4154246414","8.22800954001"
544,"0.489158836526","0.0103999029239","Las Palmas","PA130506","Las Palmas","PA1305","Veraguas","PA13","-81.4395147708","8.15585019695"
545,"0.36377445483","0.00332426629284","Lolá","PA130507","Las Palmas","PA1305","Veraguas","PA13","-81.4859542845","8.10521174022"
546,"1.05706384865","0.00724952963991","Pixvae","PA130508","Las Palmas","PA1305","Veraguas","PA13","-81.5647109869","7.87972306502"
547,"0.729273596694","0.0108935449069","Puerto Vidal","PA130509","Las Palmas","PA1305","Veraguas","PA13","-81.595874786","8.05023729951"
548,"0.26746401026","0.002465577633","San Martín de Porres","PA130510","Las Palmas","PA1305","Veraguas","PA13","-81.5332449954","8.20966674308"
549,"0.451768952916","0.00610864964714","Viguí","PA130511","Las Palmas","PA1305","Veraguas","PA13","-81.4945862192","8.34953130451"
550,"0.824652988351","0.01745163059","Zapotillo","PA130512","Las Palmas","PA1305","Veraguas","PA13","-81.5289888158","7.96830417799"
551,"1.39622180328","0.04753449846","Arenas","PA130601","Mariato","PA1306","Veraguas","PA13","-80.7814976768","7.29897916024"
552,"0.935043673102","0.0237095430568","Llano de Catival","PA130602","Mariato","PA1306","Veraguas","PA13","-80.9264485098","7.59887943083"
553,"1.03717074744","0.0268855187256","Quebro","PA130603","Mariato","PA1306","Veraguas","PA13","-80.8278037123","7.46355394019"
554,"0.576474078617","0.0083381349015","Tebario","PA130604","Mariato","PA1306","Veraguas","PA13","-80.975242615","7.70381634683"
555,"3.82882191267","0.0509718317981","Gobernadora","PA130701","Montijo","PA1307","Veraguas","PA13","-81.7573198399","7.47082154926"
556,"0.301528373793","0.00328320606459","La Garceana","PA130702","Montijo","PA1307","Veraguas","PA13","-81.0179057378","7.93350248848"
557,"0.234729484481","0.00118866761174","Leones","PA130703","Montijo","PA1307","Veraguas","PA13","-81.1217456318","7.73840025255"
558,"0.600856800605","0.00922523001585","Montijo","PA130704","Montijo","PA1307","Veraguas","PA13","-81.0367012025","8.01154931894"
559,"0.0891002096601","0.000485404318619","Pilón","PA130705","Montijo","PA1307","Veraguas","PA13","-81.0541311045","7.97558773899"
560,"0.813186180779","0.00679743267878","Catorce de Noviembre","PA130801","Río de Jesús","PA1308","Veraguas","PA13","-81.0978344729","7.94347088189"
561,"0.713966774451","0.0071916037602","Las Huacas","PA130802","Río de Jesús","PA1308","Veraguas","PA13","-81.1531092693","7.89034727376"
562,"0.15967842945","0.0013844710338","Los Castillos","PA130803","Río de Jesús","PA1308","Veraguas","PA13","-81.0863953728","8.04767664851"
563,"0.489053010833","0.00891786809997","Río de Jesús","PA130804","Río de Jesús","PA1308","Veraguas","PA13","-81.1418602574","8.01448819664"
564,"0.351085914022","0.00439387625968","Utira","PA130805","Río de Jesús","PA1308","Veraguas","PA13","-81.1941586886","7.99040243467"
565,"0.339638542092","0.00265140496703","Corral Falso","PA130901","San Francisco","PA1309","Veraguas","PA13","-80.8592846757","8.20064685428"
566,"0.514417175476","0.00917686776753","Los Hatillos","PA130902","San Francisco","PA1309","Veraguas","PA13","-80.9370223285","8.35518641951"
567,"0.507685682206","0.00536488655035","Remance","PA130903","San Francisco","PA1309","Veraguas","PA13","-81.0431162608","8.2938482729"
568,"0.379459443538","0.00613887291618","San Francisco","PA130904","San Francisco","PA1309","Veraguas","PA13","-80.9430644505","8.25598981131"
569,"0.550777113809","0.0134741168431","San Juan","PA130905","San Francisco","PA1309","Veraguas","PA13","-81.0254353309","8.35737597686"
570,"1.75645348839","0.0929116651751","Calovébora","PA131001","Santa Fe","PA1310","Veraguas","PA13","-80.9280620362","8.71862390411"
571,"0.64722688688","0.0125378095477","El Alto","PA131002","Santa Fe","PA1310","Veraguas","PA13","-80.9953378527","8.51482554919"
572,"0.406151185724","0.00720501312953","El Cuay","PA131003","Santa Fe","PA1310","Veraguas","PA13","-81.1035887449","8.45991383854"
573,"0.253045276585","0.00432899615168","El Pantano","PA131004","Santa Fe","PA1310","Veraguas","PA13","-81.0633372997","8.57755577815"
574,"0.490801720606","0.00746523153918","Gatú o Gatucito","PA131005","Santa Fe","PA1310","Veraguas","PA13","-80.958040237","8.54458154296"
575,"0.759226443455","0.0253011217454","Río Luis","PA131006","Santa Fe","PA1310","Veraguas","PA13","-81.154364814","8.64555750112"
576,"0.666118826405","0.0129106408039","Santa Fe","PA131007","Santa Fe","PA1310","Veraguas","PA13","-81.0825068871","8.50885241682"
577,"0.508892811443","0.0101716808725","Canto del Llano","PA131101","Santiago","PA1311","Veraguas","PA13","-80.9141251386","8.1667758654"
578,"0.367830892845","0.00518900225329","La Colorada","PA131102","Santiago","PA1311","Veraguas","PA13","-80.9611027763","8.00995831643"
579,"0.570549585019","0.010211601516","La Peña","PA131103","Santiago","PA1311","Veraguas","PA13","-81.0406165707","8.21323213079"
580,"0.524481694964","0.00863230812693","La Raya de Santa María","PA131104","Santiago","PA1311","Veraguas","PA13","-80.775718689","8.13361612345"
581,"0.367814945338","0.00552502341068","Los Algarrobos","PA131105","Santiago","PA1311","Veraguas","PA13","-81.0244688951","8.11424675718"
582,"1.26978726712","0.0268017715378","Ponuga","PA131106","Santiago","PA1311","Veraguas","PA13","-80.9762001035","7.84844631276"
583,"0.203609868229","0.00169487171763","San Pedro del Espino","PA131107","Santiago","PA1311","Veraguas","PA13","-81.0552412253","8.15828804524"
584,"0.900096528456","0.0136773127584","Santiago","PA131108","Santiago","PA1311","Veraguas","PA13","-80.9538269042","8.11447902033"
585,"1.55686581931","0.0143234914929","Bahía Honda","PA131201","Soná","PA1312","Veraguas","PA13","-81.4522018435","7.74505642727"
586,"0.636386677325","0.013986892552","Calidonia","PA131202","Soná","PA1312","Veraguas","PA13","-81.4264840558","7.91539600607"
587,"0.610902913466","0.0120511680044","Cativé","PA131203","Soná","PA1312","Veraguas","PA13","-81.3926368183","7.8565657909"
588,"0.529532126306","0.0103616715249","El Marañón","PA131204","Soná","PA1312","Veraguas","PA13","-81.2334784775","8.03762120111"
589,"1.40678029891","0.0261221952831","Guarumal","PA131205","Soná","PA1312","Veraguas","PA13","-81.274632615","7.80196994775"
590,"0.534772435458","0.0108638194916","La Soledad","PA131206","Soná","PA1312","Veraguas","PA13","-81.2700195315","7.92632863013"
591,"0.363846344894","0.0057177850059","Quebrada de Oro","PA131207","Soná","PA1312","Veraguas","PA13","-81.3573830001","8.04876699829"
592,"1.13450441111","0.0201757402376","Río Grande","PA131208","Soná","PA1312","Veraguas","PA13","-81.305364615","7.69553896074"
593,"0.453386860127","0.0111640706987","Rodeo Viejo","PA131209","Soná","PA1312","Veraguas","PA13","-81.3057187945","8.10957578655"
594,"0.326568932552","0.00612270281504","Soná","PA131210","Soná","PA1312","Veraguas","PA13","-81.3118568887","7.98715595428"
